Feature,Weight
const,-3178.346044202226
Passing_Rate,11.462935212560525
Passing_TD,20.396677160770476
Rushing_TD,45.3891818456771
Power5,552.4133594807519
CPI,43.0769832764057
